{
    "entidades": [
        {
            "nombre": "Libro",
            "x": 0,
            "y": 0,
            "transform": [
                [
                    "t",
                    358,
                    220
                ],
                [
                    "r",
                    0
                ],
                [
                    "t",
                    0,
                    -15
                ]
            ],
            "atributos": [
                {
                    "x": 53.03300858899106,
                    "y": 53.033008588991066,
                    "nombre": "Titulo",
                    "tipo": 4,
                    "transform": [
                        [
                            "t",
                            301.96699141100896,
                            257.96699141100896
                        ]
                    ],
                    "relX": -3.966991411008941,
                    "relY": 99.03300858899107
                },
                {
                    "x": 19.411428382689078,
                    "y": -72.44443697168012,
                    "nombre": "NumPaginas",
                    "tipo": 4,
                    "transform": [
                        [
                            "t",
                            201.58857161731095,
                            191.44443697168012
                        ]
                    ],
                    "relX": -112.58857161731092,
                    "relY": -90.44443697168012
                },
                {
                    "x": -72.44443697168012,
                    "y": 19.411428382689085,
                    "nombre": "Portada",
                    "tipo": 4,
                    "transform": [
                        [
                            "t",
                            263.44443697168015,
                            196.58857161731092
                        ]
                    ],
                    "relX": -161.44443697168012,
                    "relY": 6.411428382689085
                }
            ]
        },
        {
            "nombre": "Libreria",
            "x": 0,
            "y": 0,
            "transform": [
                [
                    "t",
                    856,
                    198
                ]
            ],
            "atributos": [
                {
                    "x": 77.82594010434438,
                    "y": 77.8259401043444,
                    "nombre": "Ubicacion",
                    "tipo": 4,
                    "transform": [
                        [
                            "t",
                            865.1740598956557,
                            224.1740598956556
                        ]
                    ],
                    "relX": 71.82594010434438,
                    "relY": 103.8259401043444
                },
                {
                    "x": -77.82594010434438,
                    "y": -77.82594010434441,
                    "nombre": "FechaInauguracion",
                    "tipo": 4,
                    "transform": [
                        [
                            "t",
                            1006.8259401043445,
                            176.8259401043444
                        ]
                    ],
                    "relX": 52.17405989565562,
                    "relY": -105.82594010434441
                }
            ]
        }
    ],
    "debiles": [],
    "relaciones": [
        {
            "nombre": "LibroLibreria",
            "x": 0,
            "y": 0,
            "transform": [
                [
                    "t",
                    567,
                    119
                ],
                [
                    "r",
                    0
                ],
                [
                    "t",
                    0,
                    -15
                ]
            ],
            "cardinalidades": [
                {
                    "min": "1",
                    "max": "1",
                    "entidad": "Libreria"
                },
                {
                    "min": "1",
                    "max": "1",
                    "entidad": "Libro"
                }
            ],
            "atributos": []
        }
    ],
    "relacionesISA": []
}